Hex Code,times,file,code,final code,,,,,,,,,,,,,,,,,,,,,,,
FBEEF5,2,V12,30011,30011,,,,,,,,,,,,,,,,,,,,,,,
FCE6E2,4,F1,30023,30023,30022,30021,,,,,,,,,,,,,,,,,,,,,
EAD7CC,4,F4,30033,30033,30032,30031,,,,,,,,,,,,,,,,,,,,,
D7C8C4,3,V10,30042,30042,30041,,,,,,,,,,,,,,,,,,,,,,
E7C9BA,4,V6,30053,30053,30052,30051,,,,,,,,,,,,,,,,,,,,,
EFC0A2,5,V16,30064,30064,30063,30062,30061,,,,,,,,,,,,,,,,,,,,
D6B5BA,2,V3,30071,30071,,,,,,,,,,,,,,,,,,,,,,,
CBA99E,3,V9,30082,30082,30081,,,,,,,,,,,,,,,,,,,,,,
E6BB93,5,SW4,30094,30094,30093,30092,30091,,,,,,,,,,,,,,,,,,,,
DD9660,2,C4,30101,30101,,,,,,,,,,,,,,,,,,,,,,,
AD7B51,2,C9,30111,30111,,,,,,,,,,,,,,,,,,,,,,,
EE7C50,2,C10,30121,30121,,,,,,,,,,,,,,,,,,,,,,,
AA5E33,3,V11,30132,30132,30131,,,,,,,,,,,,,,,,,,,,,,
E3A890,5,C16,30144,30144,30143,30142,30141,,,,,,,,,,,,,,,,,,,,
C6957E,7,G11,30156,30156,30155,30154,30153,30152,30151,,,,,,,,,,,,,,,,,,30151
B78367,7,G1,30166,30166,30165,30164,30163,30162,30161,,,,,,,,,,,,,,,,,,30161
C89495,2,V8,30171,30171,,,,,,,,,,,,,,,,,,,,,,,
C4786E,3,V14,30182,30182,30181,,,,,,,,,,,,,,,,,,,,,,
9E6055,4,F6,30193,30193,30192,30191,,,,,,,,,,,,,,,,,,,,,
C06859,4,V15,30203,30203,30202,30201,,,,,,,,,,,,,,,,,,,,,
8E544B,4,F4,30213,30213,30212,30211,,,,,,,,,,,,,,,,,,,,,
88413B,2,F1,30221,30221,,,,,,,,,,,,,,,,,,,,,,,
734335,4,H1,30233,30233,30232,30231,,,,,,,,,,,,,,,,,,,,,
502A2F,2,M10,30241,30241,,,,,,,,,,,,,,,,,,,,,,,
DAD0BB,2,E5,30251,30251,,,,,,,,,,,,,,,,,,,,,,,
D9CFC5,3,K1,30262,30262,30261,,,,,,,,,,,,,,,,,,,,,,
948F8A,2,K5,30271,30271,,,,,,,,,,,,,,,,,,,,,,,
7F946B,2,S5,30281,30281,,,,,,,,,,,,,,,,,,,,,,,
767B6F,2,R2,30291,30291,,,,,,,,,,,,,,,,,,,,,,,
59604E,2,D3,30301,30301,,,,,,,,,,,,,,,,,,,,,,,
194E3B,4,D6,30313,30313,30312,30311,,,,,,,,,,,,,,,,,,,,,
0F4029,2,T1,30321,30321,,,,,,,,,,,,,,,,,,,,,,,
7D96A2,2,H8,30331,30331,,,,,,,,,,,,,,,,,,,,,,,
6C8DAF,2,H9,30341,30341,,,,,,,,,,,,,,,,,,,,,,,
637B98,2,H10,30351,30351,,,,,,,,,,,,,,,,,,,,,,,
51697E,2,E9,30361,30361,,,,,,,,,,,,,,,,,,,,,,,
475561,2,C12,30371,30371,,,,,,,,,,,,,,,,,,,,,,,
49546C,2,E7,30381,30381,,,,,,,,,,,,,,,,,,,,,,,
3A6B92,2,C13,30391,30391,,,,,,,,,,,,,,,,,,,,,,,
11518B,4,C11,30403,30403,30402,30401,,,,,,,,,,,,,,,,,,,,,
245985,4,C14,30413,30413,30412,30411,,,,,,,,,,,,,,,,,,,,,
2C4D6B,3,R9,30422,30422,30421,,,,,,,,,,,,,,,,,,,,,,
284152,4,C15,30433,30433,30432,30431,,,,,,,,,,,,,,,,,,,,,
152F58,4,T3,30443,30443,30442,30441,,,,,,,,,,,,,,,,,,,,,
103560,5,E8,30454,30454,30453,30452,30451,,,,,,,,,,,,,,,,,,,,
094069,2,G3,30461,30461,,,,,,,,,,,,,,,,,,,,,,,
2E5F75,4,R8,30473,30473,30472,30471,,,,,,,,,,,,,,,,,,,,,
174C80,3,K8,30482,30482,30481,,,,,,,,,,,,,,,,,,,,,,
072C4B,2,G8,30491,30491,,,,,,,,,,,,,,,,,,,,,,,
1D2B2E,2,G2,30501,30501,,,,,,,,,,,,,,,,,,,,,,,